상호명,사업자번호,소재지,일반창고면적(m²),냉동냉장창고면적(m²),창고면적(종합),관련법률,취급품목,위도,경도
A,1068197118,경기도 용인시 처인구 원삼면 원양로 487,12036,0,12036,물류시설법,"가구, 소파, 테이블, 일반공산품 등",37.17406005,127.3087907
A,1068197118,"전북특별자치도 완주군 봉동읍 테크노밸리3로 65, 전주현대글로비스",26558.2,0,26558.2,물류시설법,자동차 부품,35.97456775,127.1193703
A,1068197118,충청북도 음성군 삼성면 대성로 355,35398.81,0,35398.81,물류시설법,"음료(페트병, 유리병), 부자재(박스, 공캔 등), 가구, 배터리셀 모듈 등",37.0044509,127.4980243
A,1068197118,광주광역시 광산구 평동산단외로 56 (용동),5950.06,0,5950.06,물류시설법,"제과, 아이스크림, 냉동만두, 매일유업 원부자재",35.1307005,126.7518464
A,1068197118,"대전광역시 대덕구 대전로1331번길 205, 롯데택배 5층 (대화동)",1322.32,0,1322.32,물류시설법,제과류,36.36710653,127.400822
A,1068197118,경기도 용인시 처인구 백암면 죽양대로 1182,0,6823,6823,물류시설법,"냉동식품, 음료수, 초코류",37.16185826,127.3818686
A,1068197118,충청남도 천안시 동남구 병천면 충절로 1529-5,1320,0,1320,물류시설법,애완동물사료,36.76747314,127.3233733
A,1068197118,"경기도 김포시 고촌읍 아라육로152번길 115, 케이로지스필드 1층",632.02,2892.81,3524.83,물류시설법,생활용품 및 식품류,37.59900675,126.7841061
A,1068197118,"경상남도 양산시 물금읍 제방로 245, 양산ICD5단지(제44동, 제62동)",5231.29,0,5231.29,물류시설법,"아이스크림, 냉동만두, 해태크라운제과",35.31362026,129.0178197
A,1068197118,경상북도 경산시 와촌면 상암길37길 75-9,5190.1,0,5190.1,물류시설법,제과류,35.946651,128.850721
A,1068197118,충청북도 청주시 상당구 가덕면 상장인차로 188,14241.93,0,14241.93,물류시설법,인테리어 내장재 및 부자재,36.52892982,127.5194363
A,1068197118,충청북도 청주시 서원구 남이면 저산척북로 203-44,6600,0,6600,물류시설법,"샤시, 기타부자재",36.56651072,127.4112778
A,1068197118,충청남도 당진시 송산면 가곡로 21 (현대글로비스),16490.55,0,16490.55,물류시설법,"철강제품(냉연,열연)",36.9777354,126.6878399
B,1108105034,경기도 이천시 대월면 양녕로 78,0,12945.57,12945.57,물류시설법,식자재(완제품),37.1782434,127.5006521
B,1108105034,"부산광역시 강서구 미음국제2로 69, A동 (미음동)",2578.5,0,2578.5,물류시설법,"생수, 탄산음료, 복사지",35.1475741,128.869692
B,1108105034,경상북도 상주시 낙동면 영남제일로 186,1874,0,1874,물류시설법,"카길애프리퓨리나 사료 일체(BIN, 톤백, 지대외)",36.3885841,128.2610529
B,1108105034,"대전광역시 동구 하소로 53, 대전킴벌리하소동창고 1동 (하소동)",2314.2,0,2314.2,물류시설법,"생수, 탄산음료, 복사지",36.2201937,127.43891
B,1108105034,경상북도 경산시 진량읍 공단11로 215,37878.58,0,37878.58,물류시설법,화장품,35.8642763,128.8397749
B,1108105034,경기도 여주시 신륵로 117 (천송동),7286.74,0,7286.74,물류시설법,생수,37.3032339,127.663223
B,1108105034,충청북도 옥천군 동이면 금강로 65,2528.93,0,2528.93,물류시설법,"생수, 탄산음료, 복사지",36.2929778,127.6202489
B,1108105034,"인천광역시 중구 서해대로 143, 3층 (항동7가)",8621.23,0,8621.23,물류시설법,물품,37.4505909,126.6248128
B,1108105034,경기도 양주시 부흥로 1818-11 (광사동),1738.5,0,1738.5,물류시설법,1,37.7872694,127.0720075
B,1108105034,"대구광역시 달성군 하빈면 달구벌대로8길 46, Logis All",1708.5,0,1708.5,물류시설법,"생수, 탄산음료, 복사지",35.8752912,128.4000654
B,1108105034,경상남도 김해시 상동면 상동로 680-70,11270.66,0,11270.66,물류시설법,배터리셀,35.310506,128.943127
B,6048502224,부산광역시 동구 중앙대로248번길 7-6 (초량동),1411.8,0,1411.8,물류시설법,택배물품(잡화),35.1189268,129.0433888
B,1108105034,부산광역시 사하구 하신번영로 28 (신평동),2927.55,0,2927.55,물류시설법,택배물품(잡화),35.085074,128.9610348
B,1108105034,부산광역시 강서구 미음국제2로 69 (미음동),3939.94,0,3939.94,물류시설법,"너트/볼트관련 체결류, 방산산업관련 원자재품 등",35.1475741,128.869692
B,1108105034,부산광역시 사하구 을숙도대로 520 (신평동),5124,0,5124,물류시설법,생활제품,35.0839604,128.9606929
B,1108105034,"인천광역시 중구 서해대로 143, 4층 (항동7가)",7313.24,0,7313.24,물류시설법,택배상품 등,37.4505909,126.6248128
B,1108105034,광주광역시 남구 송암로 114 (송하동),3155.8,330.58,3486.38,물류시설법,택배화물,35.1143892,126.872701
B,1108105034,"경기도 광주시 초월읍 산수로622번길 44, 가동",2837.99,0,2837.99,물류시설법,택배화물,37.4139947,127.3083725
B,1108105034,대전광역시 대덕구 대덕대로1447번길 39 (문평동),26640,0,26640,물류시설법,택배물품,36.449416,127.4070349
B,3058531064,대전광역시 대덕구 신탄진로 1 (읍내동),9860,0,9860,물류시설법,택배물륨,36.3862082,127.4293631
B,1108105034,세종특별자치시 전의면 산단길 22-50,3767,0,3767,물류시설법,식품(과자),36.6968522,127.2116673
B,1108105034,경상북도 포항시 남구 대송로 208-43 (괴동동),8473,0,8473,물류시설법, ,35.9943317,129.3751032
B,1108105034,"경상북도 포항시 남구 대송로 200, 대한통운 (괴동동)",5712.48,0,5712.48,물류시설법,철강제품,35.9965116,129.3745936
B,1108105034,제주특별자치도 제주시 일주서로 7263 (외도이동),4154.28,0,4154.28,물류시설법,"공산품(주류, 식품류, 생활제품 등)",33.4919654,126.4228634
B,1108105034,광주광역시 북구 삼소로 266 (월출동),13693.56,0,13693.56,물류시설법,택배소하물,35.2476563,126.8739615
B,1108105034,"울산광역시 남구 장생포고래로 292, 대한통운(주) (매암동)",3597,0,3597,물류시설법,일반잡화,35.5064388,129.3854182
B,1108105034,울산광역시 북구 효자로 112 (효문동),3487.5,0,3487.5,물류시설법,택배물품,35.571133,129.3684825
B,1108105034,"울산광역시 남구 신여천로35번길 34, 대한통운(주) (여천동)",2436,0,2436,물류시설법,일반잡화,35.5158165,129.3472443
B,1108105034,울산광역시 북구 진장유통1로 59 (진장동),1698,0,1698,물류시설법,일반택배물품,35.5773994,129.3540099
B,1108105034,"인천광역시 중구 서해대로 143, 5층 (항동7가)",7116.99,0,7116.99,물류시설법,CJ공산품 외 3PL 공산품,37.4505909,126.6248128
B,1108105034,"인천광역시 서구 거북로 13, 인천 석남동 에스앤케이 복합물류센터 5층 (석남동)",4152,0,4152,물류시설법,기계부품(전동기),37.5037423,126.668249
B,1108105034,"경기도 군포시 번영로 82-1, 한국복합물류(주) A동 A동 2층 (부곡동)",2128.93,0,2128.93,물류시설법,전기전자,37.3309195,126.9371945
B,108105034,"인천광역시 서구 원석로 196, 6층 (원창동)",14183,0,14183,물류시설법,택배화물,37.5056481,126.6399035
B,1108105034,경기도 이천시 백사면 청백리로 287,21232.6,0,21232.6,물류시설법,신발 악세서리 등,37.3215632,127.4964683
B,1108105034,"경기도 용인시 처인구 백암면 죽양대로904번길 63, 3~4층",9307.9,0,9307.9,물류시설법,"화장품, 잡화(청소용 테이프 클리너)",37.1488437,127.3896973
B,1108105034,충청남도 천안시 서북구 직산읍 양당로 6,3418.3,0,3418.3,물류시설법,항공 및 육상화물,36.873827,127.1098258
B,1108105034,경기도 안성시 죽산면 걸미로 723-9,11247,0,11247,물류시설법,"가전제품,가구류",37.0593003,127.4085248
B,1108105034,경기도 군포시 공단로36번길 1 (당정동),3352.25,0,3352.25,물류시설법,택배상품,37.3494055,126.9507289
B,1108105034,강원특별자치도 원주시 문막읍 좁은목길 60,2136.6,0,2136.6,물류시설법,재난관리자원,37.318276,127.83707
B,1108105034,"경기도 용인시 처인구 남사읍 형제로 26, 2~5층",69071.07,2940.49,72011.56,물류시설법,"잡화, 생활용품 등",37.1460296,127.160188
B,1108105034,"인천광역시 서구 원석로 196, 8층 (원창동)",7326,0,7326,물류시설법,공산품,37.5056481,126.6399035
B,1108105034,경기도 이천시 호법면 안평로 59-35,2205,0,2205,물류시설법,잡화,37.2282845,127.4238184
B,1108105034,"인천광역시 서구 갑문3로 26, 1동 (오류동)",1689,0,1689,물류시설법,"생수,복사지,탄산음료",37.5660103,126.6030375
B,1108105034,"경기도 김포시 고촌읍 아라육로57번길 108, 3층",3528,0,3528,물류시설법,공산품(약품),37.5914653,126.7974734
B,1108105034,"경기도 김포시 고촌읍 아라육로57번길 45, 2층",4958.7,0,4958.7,물류시설법,공산품(CPG),37.5906051,126.7938308
B,1108105034,경기도 이천시 장호원읍 경충대로 634,29105.17,0,29105.17,물류시설법,"잡화, 생활용품 등",37.1439005,127.5925181
B,1108105034,"경기도 이천시 호법면 중부대로798번길 106, B2층",0,2753,2753,물류시설법,식품,37.2367185,127.4118461
B,1108105034,충청북도 제천시 원강저로 39 (강제동),1290.66,0,1290.66,물류시설법,집배송물품,37.1135159,128.2219956
B,1108105034,경기도 광주시 직동로 19-5 (직동),2810.16,0,2810.16,물류시설법,택배물퓸,37.3995039,127.2011777
B,1108105034,경상북도 안동시 서후면 북평로 167,3273,0,3273,물류시설법,택배물,36.6369615,128.7008858
B,1108105034,"경기도 부천시 오정구 신흥로511번길 144, 부흥상사 오정물류단지 물류창고 (오정동)",2296.6,0,2296.6,물류시설법,택배물품,37.528943,126.7745247
B,1108105034,경기도 고양시 덕양구 동헌로235번길 28 (대자동),2128.48,0,2128.48,물류시설법,택배물품,37.7125593,126.8808139
B,1108105034,"경기도 여주시 가남읍 경충대로 1049, 지하2층",5523.18,0,5523.18,물류시설법,KF94 마스크,37.2024843,127.5474683
B,1108105034,경기도 이천시 마장면 덕평로 831-35,16182,0,16182,물류시설법,"식품, 사료, 와인 등",37.2323182,127.3638624
B,1108105034,"경기도 김포시 고촌읍 아라육로57번길 108, 1층",8550.64,0,8550.64,물류시설법,택배상품,37.5914653,126.7974734
B,1108105034,경상남도 창원시 의창구 북면 신촌본포로 315,4800,0,4800,물류시설법,경남도 재난관리 물품,35.3549223,128.6346919
B,1108105034,"경기도 군포시 번영로 82, 한국복합물류(주) 관리동 A동 3층 (부곡동)",2128.93,0,2128.93,물류시설법,화장품,37.3309195,126.9371945
B,1108105034,경기도 화성시 안녕남로 181 (안녕동),25765,0,25765,물류시설법,의약품,37.1981073,126.987072
B,1108105034,경상북도 상주시 외서면 북상주로 877,1879.75,0,1879.75,물류시설법,택배물품,36.4888476,128.1685874
B,1108105034,경기도 이천시 마장면 서이천로 288,39773,0,39773,물류시설법,"의류, 생활용품",37.262011,127.3855957
B,1108105034,"경기도 용인시 처인구 남사읍 형제로 26, 1층",0,8137.8,8137.8,물류시설법,"냉장, 냉동식품",37.1460296,127.160188
B,1108105034,경기도 안성시 양성면 양성로 478-24,16743.36,0,16743.36,물류시설법,택배상품,37.0947136,127.2126301
B,1108105034,"경기도 김포시 고촌읍 아라육로 37, 지하1층",9190,0,9190,물류시설법,택배물품,37.5914074,126.7950107
B,1108105034,강원특별자치도 강릉시 성산면 공제로 57-28,2952.65,0,2952.65,물류시설법,택배상품,37.7254033,128.8359288
B,1108105034,충청남도 서산시 남부순환로 15(수석동),1350.51,0,1350.51,물류시설법,"고객사 상품(쌀, 마스크, 고구마 외)",36.7529972,126.4956023
B,1108105034,"경기도 여주시 대신면 여양로 1303, 1동 1(일부)층",2251.24,0,2251.24,물류시설법,"가구류, 방제용품류",37.3711353,127.6007664
B,1108105034,충청북도 진천군 이월면 밤디길 145,0,16234.6,16234.6,물류시설법,"냉동식품(만두,치킨,냉동밥 등)",36.9279989,127.4558094
B,1108105034,경기도 김포시 통진읍 서암고정로 163,1891.33,0,1891.33,물류시설법,택배,37.723958,126.5872118
B,1108105034,충청북도 옥천군 동이면 금강로 93,14876,0,14876,물류시설법,전기전자,36.2937098,127.6210872
B,1108105034,"경기도 오산시 수목원로88번길 33, 클라우드 M캠퍼스 오산 LOGIPOLIS 물류센터 (가수동)",0,7218.15,7218.15,물류시설법,"식품, 유제품",37.151469,127.0507657
B,1108105034,부산광역시 금정구 중앙대로 2389(두구동),2998.42,0,2998.42,물류시설법,택배물품(잡화),35.2914372,129.1110255
B,1108105034,"인천광역시 중구 서해대로210번길 6, CBRE IM ILC 물류센터 6층 (신흥동3가)",9435.12,0,9435.12,물류시설법,택배물품,37.4453524,126.6240793
B,1108105034,충청남도 공주시 의당면 의당길 264,1914.49,0,1914.49,물류시설법,택배,36.5275969,127.1298244
B,1108105034,"경기도 남양주시 진건읍 독정로성지2길 36, 1층",1753,0,1753,물류시설법,택배물품,37.6824535,127.1924206
B,1108105034,"경기도 고양시 덕양구 삼막3길 10, 지하1층,지상1층 (오금동)",16159,0,16159,물류시설법,택배물품,37.6660379,126.9109039
B,1108105034,세종특별자치시 부강면 부강외천로 298,2722.32,0,2722.32,물류시설법,사첨(사료),36.5287494,127.3997345
B,1108105034,"경기도 고양시 덕양구 삼막3길 10, 고양삼송로지스힐 지하2층 (오금동)",8727,0,8727,물류시설법,택배품목다수,37.6660379,126.9109039
B,1108105034,"경기도 고양시 덕양구 삼막3길 10, 고양삼송로지스힐 5층 (오금동)",5281,0,5281,물류시설법,택배물품,37.6660379,126.9109039
B,1108105034,경기도 이천시 설성면 경충대로 871,26543.97,0,26543.97,물류시설법,건강기능식품 등,37.1731037,127.5660544
B,1108105034,부산광역시 강서구 미음국제2로 59(미음동),27953.7,3305.8,31259.5,물류시설법,원두 집기류,35.1481352,128.8696642
B,1108105034,강원특별자치도 춘천시 후석로440번길 43(후평동),1674,0,1674,물류시설법,택배물품,37.88957,127.7478909
B,1108105034,경기도 남양주시 진접읍 장현로 27,2687.74,0,2687.74,물류시설법,택배화물,37.7190641,127.1840593
B,1108105034,"인천광역시 서구 갑문1로 10, 은산해운항공(주) (오류동)",4727.2,0,4727.2,물류시설법,CVS물류(가공품),37.5641282,126.6047469
B,1108105034,경상남도 창원시 마산합포구 가포신항남로 34(가포동),2391.83,0,2391.83,물류시설법,택배,35.1639201,128.5779525
B,1108105034,"부산광역시 기장군 장안읍 반룡산단로 102, 씨제이대한통운(주)동부산지점",1829,0,1829,물류시설법,택배물품(잡화),35.3325318,129.2499062
B,1108105034,경기도 용인시 처인구 양지면 양지로 271,3947.06,0,3947.06,물류시설법,상온일반제품,37.2386357,127.2968622
B,1108105034,"부산광역시 강서구 미음국제4로 28, CJ대한통운(주) 1동 (미음동)",2397.63,0,2397.63,물류시설법,택배물품(잡화),35.1444463,128.8695583
B,1108105034,"경기도 군포시 번영로 82, 한국복합물류(주) P동 (부곡동)",0,3051.2,3051.2,물류시설법,침구류,37.3309195,126.9371945
B,1108105034,경기도 포천시 군내면 용정경제로1길 83,5217.07,1693.36,6910.43,물류시설법,식품포장완제품,37.8775085,127.2056068
B,1108105034,"경기도 군포시 번영로 82, 한국복합물류(주) A동 4층 (부곡동)",2128.93,0,2128.93,물류시설법,이불 침구류,37.3309195,126.9371945
B,1108105034,경기도 고양시 덕양구 동헌로 337(대자동),5647,0,5647,물류시설법,택배,37.709774,126.8914048
B,1108105034,"전북특별자치도 완주군 봉동읍 완주산단2로 282-10, (유)진로지스틱",8412.04,0,8412.04,물류시설법,의약품 등,35.9595656,127.1308319
B,1108105034,"경기도 군포시 번영로 82, 한국복합물류(주) A동 5층 (부곡동)",2128.93,0,2128.93,물류시설법,화장품,37.3309195,126.9371945
B,1108105034,전라남도 순천시 서면 신촌2길 2-8,3332.78,0,3332.78,물류시설법,택배상품,35.0316678,127.4409254
B,1108105034,경기도 여주시 대신면 대신로 8-3,37750.82,0,37750.82,물류시설법,"건강기능식품, 생황용품",37.3435,127.6415705
B,1108105034,"경기도 군포시 번영로 82, 한국복합물류(주) E동 (부곡동)",38400,0,38400,물류시설법,"건강기능식품, 생활용품",37.3309195,126.9371945
B,1108105034,"경기도 군포시 번영로 82, 한국복합물류(주) B, I, J, Q동 (부곡동)",59050,0,59050,물류시설법,의류,37.3309195,126.9371945
B,1108105034,경기도 양주시 은현면 은현로312번길 303,2386.46,0,2386.46,물류시설법,택배상품,37.8969855,127.0327032
B,1108105034,"경기도 용인시 처인구 남사읍 당하로 121, 5층",13642.59,0,13642.59,물류시설법,"건강기능식품, 생활용품 등",37.1440677,127.1543094
B,1108105034,"경기도 군포시 번영로 82, 한국복합물류(주) A-2-1동 A-2-2동 4층 (부곡동)",3927.27,0,3927.27,물류시설법,전기전자,37.3309195,126.9371945
B,1108105034,"경기도 군포시 번영로 82, 한국복합물류(주) A-1-1동, 2-1동 4층 (부곡동)",2459.7,0,2459.7,물류시설법,가전,37.3309195,126.9371945
B,1108105034,경기도 남양주시 화도읍 재재기로 100-14,1499,0,1499,물류시설법,택배,37.62497,127.3014373
B,1108105034,경기도 파주시 하우고개길 458-1 (상지석동),2202,0,2202,물류시설법,택배물품,37.719851,126.7789408
B,1108105034,경상북도 구미시 1공단로10길 103-9 (공단동),10015,0,10015,물류시설법,항공 및 육상화물,36.0932615,128.3826897
B,1108105034,"경기도 파주시 월롱면 황소바위길 99, 크라운베이커리",2860.4,0,2860.4,물류시설법,택배물품,37.7799391,126.7940529
B,1108105034,경기도 남양주시 진접읍 진벌로 60,3488,0,3488,물류시설법,택배,37.7445412,127.212073
B,1108105034,충청남도 천안시 동남구 목천읍 세종로 4755,3266.04,0,3266.04,물류시설법,가전제품,36.7340387,127.1679487
B,1108105034,경기도 용인시 처인구 양지면 중부대로 2465,21238,0,21238,물류시설법,상온일반제품,37.2395154,127.3136012
B,1108105034,경기도 화성시 비봉면 현대기아로 759-1,1638.19,0,1638.19,물류시설법,택배화물,37.2147149,126.8571279
B,1108105034,"경상남도 양산시 물금읍 제방로 27-3, 5층",2128.93,0,2128.93,물류시설법,산업용 벨트류,35.2930684,129.0102554
B,1108105034,경기도 이천시 모가면 사실로 512-40,11824,0,11824,물류시설법,택배용품,37.1581556,127.4413617
B,1108105034,경기도 평택시 안중읍 안현로 536,1948,0,1948,물류시설법,택배화물,36.9948516,126.9370857
B,1108105034,경기도 남양주시 진건읍 독정로231번길 38,1339,0,1339,물류시설법,택배,37.681521,127.189998
B,1108105034,경기도 화성시 영천로 179 (영천동),3467.97,0,3467.97,물류시설법,택배배송상품,37.2086361,127.0943849
B,1108105034,경기도 화성시 마도면 마도로 496,9120,0,9120,물류시설법,"에어컨, 공기청정기, 가전제품 등",37.1880463,126.7577271
B,1108105034,경기도 화성시 마도면 송정서길 28,6502.4,0,6502.4,물류시설법,"에어컨, 가전제품 등",37.2167254,126.782068
B,1108105034,경기도 이천시 호법면 중부대로 743,14376,0,14376,물류시설법,의류 침구류 등,37.2482776,127.4162604
B,1108105034,"경기도 김포시 고촌읍 아라육로152번길 115, 케이로지스필드 2 4층",9829.1,0,9829.1,물류시설법,택배상품,37.598967,126.7842656
B,1108105034,경기도 이천시 호법면 안평로 59-31,2042,0,2042,물류시설법,택배집배송 상품,37.2285269,127.4249618
B,1108105034,대구광역시 서구 문화로 77 (이현동),2911.1,0,2911.1,물류시설법,항공 및 육상화물,35.8750462,128.54113
B,1108105034,경기도 광주시 초월읍 산수로622번길 46,2792.04,0,2792.04,물류시설법,택배,37.4134587,127.3080734
B,1108105034,경기도 광주시 경충대로 1939 (장지동),6844,0,6844,물류시설법,택배,37.4050004,127.2257922
B,1108105034,"경기도 부천시 오정구 신흥로511번길 80, 켄달스퀘어 부천 로지스틱스파크 A동 (오정동)",6337,0,6337,물류시설법,택배물품,37.5304381,126.7735047
B,1108105034,강원특별자치도 원주시 지정면 하차면길 19-36,2856.89,0,2856.89,물류시설법,"택배물품, 화장품",37.3601837,127.8958947
B,1108105034,경상북도 포항시 북구 흥해읍 성곡길182번길 6,2625.5,0,2625.5,물류시설법,택배품목,36.0887875,129.351933
B,1108105034,경기도 고양시 일산동구 장항로 179 (장항동),3049.69,0,3049.69,물류시설법,택배화물,37.6378533,126.7785908
B,1108105034,경기도 남양주시 오남읍 양지로46번길 145,1044,0,1044,물류시설법,택배물품,37.6942529,127.20585
B,1108105034,경상남도 양산시 물금읍 제방로 27-8,4204.96,0,4204.96,물류시설법,"냉동, 저온식품 등",35.2930684,129.0102554
B,1108105034,경기도 이천시 마장면 덕평로 965,0,1322,1322,물류시설법,아이스크림 원부재료 등,37.2443127,127.3608242
B,1108105034,경기도 용인시 처인구 백암면 덕평로 140,1331,3867,5198,물류시설법,식품,37.180695,127.3750642
B,1108105034,강원특별자치도 강릉시 율곡로 3214 (죽헌동),950.11,660,1610.11,물류시설법,공산품,37.7847972,128.8688249
B,1108105034,"경기도 용인시 처인구 백암면 죽양대로904번길 63, 1층",8831.5,0,8831.5,물류시설법,"문구, 잡화",37.1488437,127.3896973
B,1108105034,경기도 안성시 대덕면 만세로 252,3946,0,3946,물류시설법,자동차 부품,37.0359498,127.2230845
B,1108105034,경기도 안성시 양성면 양성로 376-106,5762,0,5762,물류시설법,제과(과자류),37.0866069,127.2173607
B,3748500612,경기도 용인시 처인구 양지면 남평로 111-73,150012,0,150012,물류시설법,"의류, 화장품 등",37.2301617,127.2951706
B,1108105034,경상남도 함안군 법수면 법수로 498,4244,0,4244,물류시설법,생필품,35.3147466,128.3787383
B,1108105034,"경기도 화성시 동탄물류로 48, B동 1~B2층 (신동)",141444.63,63203.31,204647.94,물류시설법,"식품, 의약품 등",37.1703977,127.1318428
B,1108105034,"경기도 광주시 초월읍 산수로 642-70, 초월물류단지",226846.3,0,226846.3,물류시설법,택배,37.4141767,127.3131277
B,1108105034,"경기도 이천시 호법면 덕평로 472-96, (주)정안로지스 물류센터",12999,0,12999,물류시설법,물류(의류),37.2059428,127.3919571
B,1108105034,경상북도 경산시 하양읍 지식산업2로1길 63,13569,8368,21937,물류시설법,"음료및식품, 제약, 공산품,자동차부품",35.9431613,128.8220099
B,1108105034,충청북도 옥천군 이원면 건진2길 65,25564.23,0,25564.23,물류시설법,택배수화물 등,36.2521777,127.6237662
B,1108105034,경기도 용인시 처인구 원삼면 죽양대로 1566,7504,0,7504,물류시설법,"잡화, 서적, 의류",37.1809995,127.3389349
B,1108105034,경기도 용인시 처인구 백암면 원설로 606,10605.5,0,10605.5,물류시설법,"생활가구, 생활용품",37.1428898,127.3975847
B,1108105034,경상북도 구미시 산호대로 264-16 (공단동),7059.66,0,7059.66,물류시설법,자동차배터리,36.1012981,128.3838694
B,1108105034,경기도 용인시 처인구 백암면 고안로51번길 136-14,10221,0,10221,물류시설법,"문구, 인형 등",37.1401341,127.412709
B,1108105034,"경기도 김포시 고촌읍 아라육로230번길 16, 김포헬로센터 지하1층",4895.3,0,4895.3,물류시설법,"방송셋탑, 휴대폰 등",37.598193,126.7811989
B,1108105034,충청남도 아산시 인주면 아산호로 23 ((주)타카즈코리아),11618,0,11618,물류시설법,엘리베이터 부품,36.8900424,126.9198684
B,1108105034,경기도 이천시 마장면 덕평로 816-38 (SLX물류센터),26655.4,3630,30285.4,물류시설법,"커피원두 및 식품 부자재, 매장운영 비품, 판매재 등",37.2308874,127.3679472
B,1108105034,경기도 광주시 도척면 도척로 401-88,7452.11,0,7452.11,물류시설법,택배,37.3129508,127.3416745
B,1108105034,경기도 이천시 대월면 대평로 131 (조달청이천물류기지),3888,0,3888,물류시설법,국군복지단 매점물품(생필품외),37.2249566,127.4903655
B,1108105034,"경상남도 양산시 물금읍 제방로 27-3, 1,2층",2397.61,9,2406.61,물류시설법,제약품,35.2930684,129.0102554
B,1108105034,"경기도 군포시 번영로 82, P동 (부곡동)",4099.75,363,4462.75,물류시설법,의약품,37.3297283,126.9354636
B,1108105034,인천광역시 중구 축항대로 100 (항동7가),1764.42,0,1764.42,물류시설법,두산 인프라코어 건설기계 비축엔진,37.455531,126.6078533
B,1108105034,세종특별자치시 부강면 부강외천로 340,3643.93,0,3643.93,물류시설법,기타,36.527306,127.4044497
B,1108105034,경상북도 포항시 남구 섬안로 59 (괴동동),13576,0,13576,물류시설법,"선재, 철강제품",35.997275,129.3654844
B,1108105034,경상남도 사천시 신항만1길 86 (향촌동),5945,0,5945,물류시설법,우드팰릿 등,34.9232782,128.0883467
B,2633600143,경상남도 진주시 이반성면 오봉산로 547,2572,0,2572,물류시설법,농산물,35.1578185,128.3165713
B,1108105034,"경상남도 양산시 물금읍 제방로 265, 양산ICD 4단지",5924,0,5924,물류시설법,택배물품,35.3011111,129.0127307
B,1108105034,"경상남도 양산시 물금읍 제방로 27-3, C동",11530.63,0,11530.63,물류시설법,택배물품,35.2930684,129.0102554
B,1108105034,전라남도 장성군 서삼면 물류로 335,7966.97,0,7966.97,물류시설법,타이어,35.3159082,126.7583858
B,1108105034,전라남도 장성군 서삼면 물류로 335,2529,0,2529,물류시설법,택배상풍(소화물),35.3159082,126.7583858
B,1108105034,경상북도 구미시 구미대로 261-9 (광평동),1868.58,0,1868.58,물류시설법,택배소화물,36.1103,128.3615631
B,1108105034,경상남도 양산시 물금읍 제방로 27-6,7950,0,7950,물류시설법,타이어,35.2930684,129.0102554
B,1108105034,경기도 고양시 일산동구 성현로 615 (사리현동),1172.16,0,1172.16,물류시설법,택배,37.6949674,126.849573
B,1108105034,전북특별자치도 전주시 완산구 콩쥐팥쥐로 1705-124 (효자동3가),1229.25,0,1229.25,물류시설법,택배터미널,35.8245566,127.0883907
B,1108105034,인천광역시 동구 보세로 74 (만석동),3752.06,0,3752.06,물류시설법,건기자재,37.4871267,126.6148932
B,1108105034,경상남도 창원시 진해구 행암로92번안길 30 (장천동),3276,0,3276,물류시설법,수출입화물 야적 및 수입소금등 창고보관,35.1300457,128.6977214
B,1108105034,충청남도 계룡시 두마면 사계로 206,16906.23,0,16906.23,물류시설법,공산품,36.2595184,127.2770129
B,1108105034,전라남도 광양시 태인4길 33 (태인동),5987.62,0,5987.62,물류시설법,코일 등,34.9430625,127.7618767
B,1108105034,"인천광역시 중구 공항동로296번길 98-114, B1블럭동 A209호 (운서동, 자유무역지역 공항물류단지 )",2543.35,0,2543.35,물류시설법,보세화물,37.4771445,126.4810851
B,1108105034,경기도 용인시 처인구 원삼면 미평로 84,3074,0,3074,물류시설법,택배소화물,37.184178,127.3263995
B,1108105034,경기도 용인시 처인구 백암면 고안로51번길 136-11,10793,0,10793,물류시설법,어패럴,37.1407305,127.41384
B,1108105034,경기도 용인시 기흥구 기곡로 32 (하갈동),1352,0,1352,물류시설법,"식품류, 주방세제 등",37.2498223,127.0972946
B,1108105034,경기도 용인시 처인구 원삼면 미평로81번길 2,6096,0,6096,물류시설법,택배소화물,37.1827802,127.3276208
B,1108105034,경기도 시흥시 희망공원로 117 (정왕동),7593,0,7593,물류시설법,"자동차부품, 택배물품",37.3345025,126.7143013
B,1108105034,경기도 양주시 평화로1597번길 41-1 (회정동),4517,0,4517,물류시설법,의류,37.831864,127.0491299
B,1108105034,경상북도 경산시 압량면 압량길 11,5208.08,3178.02,8386.1,물류시설법,음료 및 식품류,35.8476266,128.7662355
B,1108105034,대구광역시 동구 금호강변로 57 (용계동),4984.98,0,4984.98,물류시설법,택배물품(홈쇼핑상품),35.8753054,128.6946198
B,1108105034,"경기도 군포시 번영로 82 (부곡동, 한국복합물류(주))",6952.09,0,6952.09,물류시설법,타이어,37.331912,126.9306081
B,1108105034,"경기도 군포시 번영로 82, 한국복합물류(주) A,B,I,J동 (부곡동)",64376,0,64376,물류시설법,생활잡화류,37.3309195,126.9371945
B,1108105034,경기도 남양주시 수동면 비룡로 940,5542,0,5542,물류시설법,타이어,37.7183399,127.3169545
B,1108105034,경기도 남양주시 진건읍 진건오남로 414,2000,0,2000,물류시설법,택배제품,37.6733704,127.2030643
B,1108105034,경기도 용인시 기흥구 원고매로2번길 29 (고매동),2560.8,0,2560.8,물류시설법,"4,881.08",37.2202126,127.1050411
B,1108105034,경기도 광주시 경충대로 1802 (장지동),1089,0,1089,물류시설법,택배소화물,37.402922,127.2393909
B,1108105034,경기도 수원시 영통구 삼성로 318 (원천동),1262,0,1262,물류시설법,생활용품등,37.2672426,127.0680109
B,1108105034,경기도 광주시 경충대로 2056 (중대동),5964.35,0,5964.35,물류시설법,택배물품,37.4054185,127.2178645
B,1108105034,서울특별시 금천구 가산디지털2로 156 (가산동),13968,0,13968,물류시설법,택배화물,37.4818717,126.8787739
B,1108105034,경기도 수원시 영통구 삼성로 318 (원천동),4892.5,0,4892.5,물류시설법,"도서, 생활용품등",37.2672426,127.0680109
B,5158100928,경기도 이천시 호법면 덕평로581번길 10 (CJ물류센터),58551,0,58551,물류시설법,"식품, 화장품",37.2149618,127.3769377
B,1108105034,대구광역시 달서구 성서공단로 235 (장동),2049.44,0,2049.44,물류시설법,택배물품,35.8363539,128.5082023
B,1108105034,경기도 여주시 가남읍 여주남로 782,15206.6,0,15206.6,물류시설법,"의류, 스포츠용품",37.2367888,127.5709059
B,1108105034,경상남도 창원시 마산회원구 무역로 95 (봉암동),3329.23,0,3329.23,물류시설법,"기계류,가전제품",35.2113178,128.5972012
B,1108105034,경상남도 창원시 진해구 천자로 278 (장천동),3985.93,0,3985.93,물류시설법,택배화물,35.128269,128.7123709
B,1108105034,경상북도 칠곡군 가산면 다부거문1길 14,3495,0,3495,물류시설법,타이어,36.0440556,128.520588
B,1108105034,충청북도 청주시 서원구 남이면 청남로 898,4123,0,4123,물류시설법,제과류,36.5328077,127.4275332
B,1108105034,충청북도 청주시 서원구 남이면 연청로 1263-16,19629,0,19629,물류시설법,택배소화물,36.5326857,127.4122029
B,1108105034,"전북특별자치도 군산시 외항안길 174, 대한통운  (소룡동)",11143.2,0,11143.2,물류시설법,벌크화물,35.9687217,126.6189045
B,1108105034,강원특별자치도 원주시 서원대로 308-6 (명륜동),1596,0,1596,물류시설법,식품,37.3402374,127.939405
B,1108105034,"세종특별자치시 부강면 연청로 745-46, (중부복합물류터미널 6동 배송센터)",4519.03,0,4519.03,물류시설법,타이어,36.5424903,127.3584883
B,1108105034,강원특별자치도 원주시 호저면 호매곡1길 97,2764,0,2764,물류시설법,타이어,37.3949528,127.9268566
B,1108105034,강원특별자치도 원주시 흥업면 원문로 898,2430.08,0,2430.08,물류시설법,"화장품, 기타잡화",37.343288,127.8826568
C,1168131734,경기도 여주시 가남읍 경충대로 982,3721.49,0,3721.49,물류시설법,"가전제품, 가전제품 부자재",37.20044595,127.5454016
C,1168131734,"인천광역시 서구 북항로178번길 46, 6층 (원창동)",2727,0,2727,물류시설법,쇼핑몰 제품,37.51285125,126.6318789
C,1168131734,경기도 이천시 부발읍 중부대로1997번길 46,20243,0,20243,물류시설법,"생활용품, 잡화 등",37.29501,127.52758
C,1168131734,제주특별자치도 제주시 조천읍 함선로 166,3539.38,0,3539.38,물류시설법,가전제품,33.51094072,126.6854721
C,1168131734,"경상북도 구미시 산호대로 264-16, 3층 (공단동)",1233,0,1233,물류시설법,전자 자재/부품,36.13716038,128.4125218
C,1168131734,광주광역시 광산구 진곡산단중앙로 204 (진곡동),4510.38,0,4510.38,물류시설법,LG전자,35.20721885,126.7831923
C,1168131734,"인천광역시 서구 정서진로 47, 프린피아 물류센터 4층 (오류동)",1636.4,0,1636.4,물류시설법,화장품,37.57058562,126.6743708
C,1168131734,"인천광역시 서구 원석로 196, 7층 (원창동)",3545.74,0,3545.74,물류시설법,쇼핑몰 판매물품 등,37.50673275,126.641682
C,1168131734,충청남도 천안시 서북구 성거읍 새터길 5,35144.92,0,35144.92,물류시설법,생활소비재,36.89907,127.21357
C,1168131734,경기도 이천시 부발읍 중부대로1763번길 80-7,11482,0,11482,물류시설법,가전제품,37.29156157,127.5000205
C,1168131734,경기도 이천시 진상미로 1894 (대포동),18316.14,0,18316.14,물류시설법,타이어,37.1400386,127.5016853
C,1168131734,"경기도 여주시 가남읍 은봉길 5, 3층, 2(일부)층, 1(일부)층, 지하1(일부)층, 지하2층",29851,0,29851,물류시설법,"팬시, 애완용품 등",37.19167,127.55771
C,1168131734,경기도 이천시 호법면 중부대로 743,13861,0,13861,물류시설법,가전제품,37.24841,127.41631
C,1168131734,충청북도 음성군 삼성면 천평길 68,15792.72,0,15792.72,물류시설법,"가전제품, 가전제품 부자재",36.98176,127.51693
C,1168131734,경기도 용인시 처인구 원삼면 맹리로2번길 1,9656,0,9656,물류시설법,"오토바이 완성차, 오토바이 부품 및 악세사리, 의류, 헬멧, 장난감 완구류",37.19333,127.32688
C,1168131734,"경기도 평택시 진위면 마산8로 10, 이마트에브리데이 평택센터",6600,0,6600,물류시설법,"가공식품, 생수, 생필품 등(슈퍼마켓 납품용)",37.08714,127.10072
C,1168131734,"인천광역시 중구 영종순환로900번길 30, 5층 (운북동)",6103.5,0,6103.5,물류시설법,"명품 의류, 가방, 시계, 가구 등",37.50973087,126.4976742
C,1168131734,"경기도 이천시 호법면 이섭대천로 626, 지하2층",3636,0,3636,물류시설법,"생활용품,패션잡화 등",37.22954,127.4339
C,1168131734,"경기도 안성시 삼죽면 삼죽로 75, 지하1층",2688.4,3621.4,6309.8,물류시설법,의약품 등,37.0640457,127.3716448
C,1168131734,경기도 이천시 백사면 이여로 501,26257.63,0,26257.63,물류시설법,생활용품,37.33193395,127.4830199
C,1168131734,경상남도 밀양시 부북면 사포로 91,8971.25,0,8971.25,물류시설법,가전제품,35.47165,128.7465
C,1168131734,경기도 이천시 대월면 대월로 256,6293.47,0,6293.47,물류시설법,가전제품,37.21571253,127.4950738
C,1168131734,경기도 여주시 가남읍 은봉길 45,2164,0,2164,물류시설법,통신장비,37.18949,127.55695
C,1168131734,"인천광역시 서구 북항로 28-23, 인천 남청라 복합물류단지  (원창동)",17355.37,0,17355.37,물류시설법,"음반, 굿즈, 행사물품 등",37.50836475,126.6378169
C,1168131734,전라남도 장성군 동화면 동화로 342-8,1288.44,0,1288.44,물류시설법,네트워크 장비,35.26301,126.73539
C,1168131734,경기도 이천시 마장면 프리미엄아울렛로 113-60,24445.31,516,24961.31,물류시설법,"화장품,의약품,의료기기",37.24522515,127.3920284
C,1168131734,"경상북도 칠곡군 석적읍 중지3길 132, 가동",1320,0,1320,물류시설법,LG유플러스 통신장비일체,36.02252,128.42381
C,1168131374,경기도 안산시 단원구 엠티브이6로18번길 23 (성곡동),87901.79,0,87901.79,물류시설법,"일반화물, 원자재, 일반수출입물품",37.29894,126.75758
C,1168131734,경상남도 창원시 의창구 북면 월계길 1,3517.5,0,3517.5,물류시설법,가전제품,35.35318,128.63603
C,1168131734,"경기도 부천시 오정구 신흥로511번길 80, 켄달스퀘어 부천 로지스틱스파크 창고 B동 1층 (오정동)",17355.3,0,17355.3,물류시설법,가전제품,37.52979,126.77564
C,1168131734,"충청북도 청주시 흥덕구 2순환로971번길 93, LG전자청주공장 (향정동)",1226,0,1226,물류시설법,전자제품,36.64802103,127.4230335
C,1168131734,경기도 평택시 진위면 엘지로 222 (엘지전자(주)),4171,0,4171,물류시설법,전자제품,37.1231205,127.0656976
C,1168131734,충청북도 진천군 초평면 초평로 1163 (LG전자 진천물류센터),6090,0,6090,물류시설법,가전제품,36.84549697,127.5187973
C,1168131734,충청북도 옥천군 옥천읍 옥천농공길 99 (공장),10347,0,10347,물류시설법,가전제품,36.30872,127.58535
C,1168131734,강원특별자치도 강릉시 구정면 회산로 171-82,3140.99,0,3140.99,물류시설법,가전제품,37.72791,128.84996
C,1168131734,충청남도 아산시 염치읍 염치로95번길 2,2545.2,0,2545.2,물류시설법,가전제품,36.81506,126.98272
C,1168131734,전라남도 무안군 삼향읍 삼일로 138,1286.54,0,1286.54,물류시설법,가전제품,34.83592065,126.4655635
C,1168131734,"인천광역시 남동구 논현고잔로 117 (고잔동, LG전자 인천물류센터)",10829.58,0,10829.58,물류시설법,가전제품,37.4032625,126.7162528
C,1168131734,"경상남도 양산시 북정공단1길 72, LG전자부산물류센터 (북정동)",18004.15,0,18004.15,물류시설법,가전제품,35.36550136,129.0445203
C,1168131734,전라남도 순천시 해룡면 용전길 27,1428.17,0,1428.17,물류시설법,가전제품,34.89962,127.54756
C,1168131734,경상남도 김해시 금관대로731번길 19 (내덕동),4818,0,4818,물류시설법,전자부품,35.20758,128.82891
C,1168131734,경상남도 사천시 축동면 인절미고갯길 2-34,2369,0,2369,물류시설법,가전제품,35.09798,128.04862
C,1168131734,"경기도 군포시 번영로 82, P동 (부곡동, 한국복합물류(주))",5028.1,0,5028.1,물류시설법,통신제품(휴대폰단말기),37.32966425,126.9335648
C,1168131734,전북특별자치도 완주군 봉동읍 테크노밸리3로 75,4520.91,0,4520.91,물류시설법,가전제품,35.97358339,127.1174262
C,1168131734,경상북도 경주시 천북면 서평길 27-27,2184,0,2184,물류시설법,전자제품,35.9369,129.25116
C,1168131734,"인천광역시 중구 공항동로296번길 98-30 (운서동, (주)범한판토스)",15896.97,0,15896.97,물류시설법,"핸드폰, LED, LCD, PDP, 가전제품 및 부품 기타",37.4775871,126.4760856
C,1168131734,"경기도 군포시 번영로 82, K동 1층 (부곡동)",6008.52,0,6008.52,물류시설법,가전제품,37.32966425,126.9335648
C,1168131734,경기도 남양주시 화도읍 경춘로2247번길 8,13251.45,0,13251.45,물류시설법,가전제품,37.65734,127.3381
C,1168131734,"경기도 평택시 진위면 진위2산단로 45, 서브원중앙HUB",10410,0,10410,물류시설법,"핸드폰엑세사리,TV모듈",37.12278,127.07059
C,1168131734,대구광역시 달성군 옥포면 비슬로453길 15,21034.67,0,21034.67,물류시설법,가전제품,35.79113,128.46749
C,1168131734,경기도 파주시 월롱면 통일로644번길 35,17102,0,17102,물류시설법,가전제품,37.76921,126.79418
C,1168131734,강원특별자치도 원주시 문막읍 동건길 61,2953,0,2953,물류시설법,가전제품,37.31631189,127.8391193
D,1028123012,부산광역시 남구 우암로 285(문현동),7256,0,7256,물류시설법,택배소화물,35.12484689,129.0743079
D,1028123012,부산광역시 기장군 장안읍 반룡산단로 110,5883.55,0,5883.55,물류시설법,택배박스,35.33123853,129.2503951
D,1028123012,"경상북도 경산시 진량읍 공단11로 215, 경산복합물류센터 5층",28143.6,0,28143.6,물류시설법,"식음료, 생활용품, 잡화 등",35.86694595,128.84064
D,1028123012,"경기도 시흥시 수인로 2127-11, (주)한샘 (조남동)",8904.05,0,8904.05,물류시설법,택배물품,37.37735165,126.8712912
D,1028123012,부산광역시 강서구 미음국제2로 58 (미음동),4696,4045,8741,물류시설법,"건과제품, 빙과제품",35.14829091,128.8702754
D,1028123012,광주광역시 광산구 용아로 807 (안청동),1749,2165,3914,물류시설법,식품,35.16506354,126.8017562
D,1028123012,광주광역시 광산구 진곡산단중앙로 97 (오선동),10290.96,0,10290.96,물류시설법,공산품 및 잡화,35.19771705,126.7862755
D,1028123012,광주광역시 광산구 소촌로123번길 24 (소촌동),3363.77,0,3363.77,물류시설법,택배소하물,35.15437229,126.7882054
D,1028123012,광주광역시 광산구 하남산단5번로 46 (장덕동),2972,1653,4625,물류시설법,"농수산 및 축산품, 일상용품",35.1974973,126.7965799
D,1028123012,광주광역시 북구 양일로 111 (양산동),4703,508,5211,물류시설법,"담배, 박스, 잡화",35.19948338,126.8825576
D,1028123012,광주광역시 광산구 진곡산단1번로 42 (오선동),1857,968,2825,물류시설법,식품 및 포재 등,35.19519686,126.7886524
D,1028123012,"대전광역시 대덕구 문평동로18번길 21, 롯데제과(주) (문평동)",8863,1620,10483,물류시설법,"견과류, 빙과류",36.4478684,127.403787
D,1028123012,대전광역시 대덕구 대전로1331번길 205 (대화동),18271,0,18271,물류시설법,"택배소화물, 과자류",36.36710653,127.400822
D,1028123012,제주특별자치도 제주시 조천읍 와흘로 241,2212.18,0,2212.18,물류시설법,공산품,33.487032,126.6379809
D,1028123012,"인천광역시 중구 서해대로210번길 6, CBRE IM ILC 물류센터 7층 (신흥동3가)",16201.17,0,16201.17,물류시설법,전자제품,37.44505753,126.6273333
D,1028123012,"인천광역시 서구 갑문로 33, 은산컨테이너터미널(주) (오류동)",11986.82,0,11986.82,물류시설법,"담배,음료,과자 등",37.56581723,126.6041478
D,1028123012,충청남도 아산시 염치읍 아산로 624,0,4403,4403,물류시설법,아이스크림,36.8314344,126.9690593
D,1028123012,"경기도 오산시 동부대로 446, 오산 풍농물류센터 3층 (원동)",12225.87,0,12225.87,물류시설법,건과(롯데웰푸드),37.1588582,127.0831324
D,1028123012,경기도 이천시 호법면 중부대로866번길 55,4231,0,4231,물류시설법,"과자, 음료, 담배",37.24027615,127.4290815
D,1028123012,세종특별자치시 부강면 부강외천로 246-17,4703,0,4703,물류시설법,"과자, 음료, 담배외",36.52790387,127.372074
D,1028123012,"경상남도 양산시 산막공단북3길 9, 롯데쇼핑물류센타(주) (산막동)",1983,1983,3966,물류시설법,제지류,35.37002201,129.0552321
D,1028123012,충청남도 천안시 동남구 성남면 대흥1길 122,4847.47,0,4847.47,물류시설법,"식품,잡화류",36.73175441,127.2332933
D,1028123012,경기도 평택시 진위면 마산6로 48,9388.43,0,9388.43,물류시설법,산업차량 부품,37.08921284,127.0989303
D,1028123012,경기도 이천시 부발읍 중부대로2000번길 33,14319.32,0,14319.32,물류시설법,수입 와인,37.29077849,127.5338421
D,1028123012,경기도 이천시 호법면 안평로114번길 134,7603,0,7603,물류시설법,"가방, 지갑, 잡화, 여행용품 등",37.23548938,127.4234883
D,1028123012,"경기도 이천시 부발읍 부흥로 135, 로지스밸리 물류센터 1층",26889,0,26889,물류시설법,"의류, 패션잡화, 화장품 등",37.30468546,127.5326245
D,1028123012,전북특별자치도 김제시 금산면 금평로 313,7263.3,0,7263.3,물류시설법,"식품, 잡화",35.72768047,126.9920731
D,1028123012,경기도 이천시 부발읍 중부대로2000번길 33,0,6633,6633,물류시설법,빙과류,37.29077849,127.5338421
D,1028123012,경기도 이천시 대월면 양녕로 92,9865,4011,13876,물류시설법,식품 등,37.1773429,127.5012909
D,1028123012,"경기도 여주시 가남읍 흑석로 113, 지하1층, 1층,2층",35537.68,0,35537.68,물류시설법,의류,37.19786128,127.5730715
D,1028123012,충청북도 진천군 초평면 은암산단로 246,166998.62,0,166998.62,물류시설법,택배상품,36.79236119,127.5305204
D,1028123012,경상남도 양산시 충렬로 149(유산동),23789,0,23789,물류시설법,음료 외 다수,35.3571667,129.0338471
D,1028123012,"경기도 이천시 부발읍 중부대로2000번길 35, 3층",4416.67,0,4416.67,물류시설법,식품류(과자),37.2892804,127.5332717
D,1028123012,경기도 용인시 처인구 원삼면 죽양대로 1566-1,5640.68,0,5640.68,물류시설법,"자동차 타이어, 튜브, 자동차 부품",37.19271393,127.3258295
D,1028123012,"경기도 화성시 동탄산단1길 4, 3-2층 (방교동)",16500,0,16500,물류시설법,의류,37.16234041,127.0835893
D,1028123012,"경기도 의왕시 오봉산단3로 60, 의왕 물류센터 6층 (삼동)",5234.94,0,5234.94,물류시설법,"담배,음료,과자 외",37.33092825,126.9554235
D,1028123012,"경기도 용인시 처인구 백암면 죽양대로904번길 46, 2층",7559.3,0,7559.3,물류시설법,의류 및 원단,37.14855233,127.3910964
D,1028123012,경기도 양주시 광적면 광적로155번길 12,3865,0,3865,물류시설법,상품재고,37.82934742,126.9755047
D,1028123012,경기도 오산시 오산로 149 (오산동),9563.52,11132.54,20696.06,물류시설법,식품 등,37.12733771,127.0670519
D,1028123012,"경기도 평택시 진위면 경기대로 1952, 롯데제과(주)평택공장",7950,2288,10238,물류시설법,-,37.0911133,127.0631693
D,1028123012,경기도 평택시 산단로16번길 43 (모곡동),8043.11,0,8043.11,물류시설법,알루미늄제품,37.03432601,127.0804119
D,1028123012,서울특별시 영등포구 양평로21길 25 (양평동4가),0,1745,1745,물류시설법,빙과류,37.53655129,126.8929258
D,1028123012,"경상남도 양산시 산막공단북2길 11, (주)롯데제과 (산막동)",0,1025,1025,물류시설법,빙과류,35.3716183,129.0546261
D,1028123012,충청북도 진천군 덕산읍 초금로 318-51,9200,0,9200,물류시설법,캔 및 플라스틱용기  등,36.90053,127.5092907
D,1028123012,전라남도 장성군 동화면 삼동로 554,5505.63,0,5505.63,물류시설법,음료등,35.27948799,126.7279154
D,1028123012,경기도 이천시 마장면 이장로311번길 91,42739,13907,56646,물류시설법,"식품, 축산물",37.28036994,127.3851042
D,1028123012,울산광역시 북구 효자로 112 (효문동),1323,0,1323,물류시설법,타이어,35.56517545,129.3675621
D,1028123012,"경기도 안산시 단원구 해안로 201, 롯데알미늄(주) 안산공장 (원시동)",3839.73,0,3839.73,물류시설법,연포장은박지,37.29855588,126.8152092
D,1028123012,경기도 안산시 단원구 원시로 239-13 (원시동),1876.5,0,1876.5,물류시설법,골판지,37.31422454,126.7821256
D,1028123012,경상남도 김해시 김해대로2662번길 19 (지내동),1778.58,1171.47,2950.05,물류시설법,건과류,35.2276987,128.919861
D,1028123012,경상남도 김해시 칠산로 128-1 (신문동),41174.33,0,41174.33,물류시설법,"식음료,생필품",35.20278624,128.8508622
D,1028123012,서울특별시 금천구 디지털로 154 (가산동),13516.93,0,13516.93,물류시설법,"일반포장화물, 반도체장비",37.4768651,126.8844249
D,1028123012,"서울특별시 송파구 송파대로 55, c동 205호 (장지동,서울복합물류)",107504.03,23371.96,130875.99,물류시설법,"공산품, 잡화",37.51358099,127.0996394
D,4748101024,경기도 이천시 부발읍 중부대로2000번길 35,25363,0,25363,물류시설법,생활용품,37.2892804,127.5332717
D,1028123012,강원특별자치도 원주시 소초면 북원로 3062-6,4030.47,1157,5187.47,물류시설법,"식품,잡화,음료,담배,냉장 등",37.4392735,127.978618
D,1028123012,"경기도 용인시 기흥구 하갈로86번길 46, 롯데슈퍼물류센타 (하갈동)",4930.25,5623.14,10553.39,물류시설법,"일상용품, 농수산 및 축산품",37.25535289,127.1023667
D,1028123012,"경기도 용인시 처인구 원삼면 보개원삼로 2160, 화인물류",15862,0,15862,물류시설법,의류,37.15924239,127.3144535
D,1028123012,경기도 용인시 기흥구 동백죽전대로 289 (중동),7590,0,7590,물류시설법,"상온식품, 공산품",37.31644148,127.1248778
D,1028123012,대구광역시 달성군 하빈면 하빈로171길 28-23,3666,0,3666,물류시설법,"식품, 식 가공품, 잡화",35.93383983,128.4637605
D,1028123012,경기도 이천시 마장면 둔터로 42,3802,0,3802,물류시설법,생활용품,37.28649336,127.4019912
D,4748101024,경기도 이천시 대월면 대월로 916,7933,0,7933,물류시설법,생활용품,37.21571253,127.4950738
D,4748101024,경기도 이천시 마장면 프리미엄아울렛로 113-60,24906,0,24906,물류시설법,생활용품,37.24522515,127.3920284
D,1028123012,"경기도 광명시 남부순환로 1092, 롯데물류센터 1층 (철산동)",9557.92,4410.9,13968.82,물류시설법,"롯데제과(빙과),칠성음료(주류)",37.48757744,126.8744085
D,1028123012,세종특별자치시 부강면 시목부강로 608-7,5308.5,0,5308.5,물류시설법,"담배, 식품, 잡화",36.49610005,127.3950727
D,1028123012,"충청남도 천안시 서북구 입장면 용정도하길 215-19, 3층",6208.87,0,6208.87,물류시설법,의류 및 홈쇼핑 상품,36.92421234,127.1886766
D,1028123012,경기도 성남시 중원구 사기막골로45번길 15 (상대원동),5912.31,0,5912.31,물류시설법,공산품,37.43714954,127.1691594
D,1028123012,경기도 안성시 일죽면 사실로 358,2118,0,2118,물류시설법,"양곡,잡곡",37.14387813,127.437226
D,1028123012,경기도 고양시 일산동구 고봉로819번길 60 (설문동),2360.24,0,2360.24,물류시설법,공산품 및 잡화,37.72915302,126.7984298
D,1028123012,경기도 김포시 고촌읍 아라육로182번길 23 (롯데마트몰물류센터),14125.02,9554.79,23679.81,물류시설법,"농수산 및 축산품, 일상용품",37.59626095,126.7812425
D,1028123012,대구광역시 동구 팔공로53길 96(봉무동),4380,0,4380,물류시설법,롯데제과 과자류,35.9251408,128.6403033
D,1028123012,경상남도 양산시 물금읍 제방로 225,6959,0,6959,물류시설법,택배물품,35.31362026,129.0178197
D,1028123012,전북특별자치도 완주군 봉동읍 완주산단7로 55,1080.57,0,1080.57,물류시설법,생활용품,35.95535579,127.1295445
D,1028123012,"경기도 오산시 경기동로186번길 15, 롯데오산물류센터 (부산동)",49308.78,0,49308.78,물류시설법,"식음료, 생필품류",37.15744985,127.092327
D,1028123012,"인천광역시 중구 공항동로296번길 146-2 (운서동, 현대로지스틱스)",2630.36,367.29,2997.65,물류시설법,반도체 부품 외,37.4775871,126.4760856
D,1028123012,인천광역시 중구 서해대로 135 (항동7가),2358.09,0,2358.09,물류시설법,택배 소화물,37.44635342,126.6228662
D,1028123012,경기도 용인시 수지구 수지로 422 (동천동),1200,0,1200,물류시설법,택배소화물,37.3115743,127.0773859
D,1028123012,경상북도 구미시 화신로8길 4-59 (광평동),1196,0,1196,물류시설법,"택배화물(의류,생필품 등)",36.1146363,128.3546753
D,1028123012,경기도 안성시 죽산면 걸미로 145-29,14614,0,14614,물류시설법,의류,37.07188755,127.4143329
D,1028123012,"경기도 군포시 번영로 82, 한국복합물류(주) 관리동 N,Q동 (부곡동)",14664,0,14664,물류시설법,"백화점몰,커튼 등",37.32966425,126.9335648
D,1028123012,대구광역시 동구 혁신대로 85(율암동),11567.78,0,11567.78,물류시설법,"택배소화물(의류,생필품)",35.87471204,128.742311
D,1028123012,"경기도 의왕시 고산로 86 (고천동, 롯데제과 의왕물류창고)",8866,0,8866,물류시설법,건과류(과자),37.35204095,126.9621563
D,1028123012,경기도 남양주시 진접읍 양진로 962,3564,0,3564,물류시설법,택배소화물,37.7052312,127.1819198
D,1028123012,충청남도 천안시 서북구 성거읍 삼곡2길 6,4628.09,0,4628.09,물류시설법,화장품,36.89455528,127.1868962
D,1028123012,충청남도 천안시 서북구 성거읍 망향로 903-11,2250,0,2250,물류시설법,"택배소화물,의류 등",36.8886248,127.2050042
D,1028123012,경기도 광주시 오포로 614 (문형동),4628.92,0,4628.92,물류시설법,"유기농제품, 가공식품",37.3705265,127.2324613
D,1028123012,경기도 이천시 마장면 덕평로 831-59 (현대로지스틱스덕평물류센터),126251,0,126251,물류시설법,"의류, 잡화",37.25426013,127.3607841
D,1028123012,경상남도 창원시 의창구 차상로106번길 4 (팔용동),1240,0,1240,물류시설법,택배,35.23449314,128.6366804
E,2018102823,충청북도 청주시 서원구 남이면 청남로 845,0,1537.19,1537.19,물류시설법,신선식품,36.5289654,127.4292044
E,2018102823,인천광역시 서구 북항단지로 110 (원창동),0,1867.77,1867.77,물류시설법,신선식품,37.5017131,126.6196592
E,2018102823,"경기도 군포시 번영로 82, 한국복합물류(주) 관리동 H동 1,2,3,4,5층 (부곡동)",18644.72,0,18644.72,물류시설법,택배 화물,37.3309195,126.9371945
E,2028102823,전북특별자치도 군산시 공항로 587 (개사동),1382.92,0,1382.92,물류시설법,택배집화/배송상품,35.9593605,126.6616173
E,2018102823,충청남도 서산시 남부순환로 161 (장동),1393.74,0,1393.74,물류시설법,택배상품,36.7350302,126.487375
E,2018102823,경상남도 진주시 정촌면 뿌리산단로 102,5187.19,0,5187.19,물류시설법,택배물품,35.1138693,128.105683
E,2018102823,전라남도 나주시 금영로 459(평산동),2560,0,2560,물류시설법,택배화물,34.9960015,126.7551006
E,2018102823,경기도 이천시 대월면 대월로 256,15828,0,15828,물류시설법,"주방용품,애견용품,의류 등",37.1836507,127.4931826
E,2018102823,부산광역시 사상구 낙동대로882번길 17 (감전동),2926,0,2926,물류시설법,의류 등(택배물품),35.1398396,128.971726
E,2018102823,"부산광역시 남구 북항로 132, (주)한진감만동택배터미널 (감만동)",16461.73,0,16461.73,물류시설법,생활잡화,35.1094576,129.0794875
E,2018102823,광주광역시 광산구 손재로 366-55 (오선동),2857,0,2857,물류시설법,택배소하물,35.1993977,126.8011065
E,2018102823,울산광역시 남구 사평로 227-50 (선암동),2002.61,0,2002.61,물류시설법,소화물 등,35.5088777,129.3324257
E,2018102823,"대전광역시 유성구 대정로 68, (주)한진대전택배터미널 301호(대정동)",18660,0,18660,물류시설법,휴대폰 및 주변기기,36.3176625,127.3213713
E,2018102823,대전광역시 대덕구 대화로106번길 111 (대화동),3266,0,3266,물류시설법,"택배물품, 창호제품, 고무제품",36.3711833,127.4050933
E,2018102823,제주특별자치도 제주시 임항로 201 (건입동),3418.54,0,3418.54,물류시설법,잡화 및 B/G(수지) 등,33.5235192,126.5501442
E,2018102823,"인천광역시 중구 자유무역로 232, 한진 지디씨물류센터 (운서동)",12102.96,0,12102.96,물류시설법,택배상품 외 전품목(식품제외),37.4877799,126.4725366
E,2018102823,경기도 이천시 부발읍 황무로 1780,1587,0,1587,물류시설법,택배상품,37.2645279,127.5181214
E,2018102823,"세종특별자치시 부강면 연청로 745-46, 3동 화물취급장A(나동), 1동 화물취급장B(라동)",3808,0,3808,물류시설법,택배상품,36.5424903,127.3584883
E,2018102823,"서울특별시 송파구 송파대로 55, B동 2층 (장지동,서울복합물류)",43072,2251,45323,물류시설법,택배화물,37.4746178,127.1260071
E,2018102823,"경상북도 포항시 남구 대송로253번길 71, (주)한진포항자동차중기정비공장 (송내동)",11418,0,11418,물류시설법,화물,36.0048625,129.3706607
E,2018102823,서울특별시 강서구 오정로 602 (외발산동),1433.77,0,1433.77,물류시설법,택배화물,37.5477372,126.8151868
E,1198505359,서울특별시 금천구 가산디지털2로 83 (가산동),12584.99,0,12584.99,물류시설법,택배화물,37.4750222,126.880646
E,2018102823,서울특별시 구로구 경인로 110 (오류동),9695,0,9695,물류시설법,택배화물,37.4912122,126.8289475
E,2018102823,대구광역시 달성군 가창면 용계리 452번지,5144.39,0,5144.39,물류시설법,절삭기 공구류,35.7947743,128.6284203
E,2018102823,전라남도 여수시 대평길 22(해산동),1273.65,0,1273.65,물류시설법,택배물품,34.7917661,127.6456695
E,2018102823,전라남도 순천시 해룡면 여순로 1371-9,1208.2,0,1208.2,물류시설법,택배상품,34.9054208,127.5463294
E,2018102823,충청북도 청주시 청원구 2순환로 426 (사천동),2479,0,2479,물류시설법,잡화,36.67517,127.4663537
E,2018102823,경기도 구리시 동구릉로460번길 29 (사노동),1796.12,0,1796.12,물류시설법,"택배상품(개인,기업판매상품)",37.6385119,127.1412035
E,2018102823,"경상남도 양산시 물금읍 제방로 205, (양산ICD내 6단지)",4616,0,4616,물류시설법,택배물품 및 분류,35.3011111,129.0127307
E,2018102823,경기도 고양시 덕양구 대주로 499 (주교동),1524,0,1524,물류시설법,택배소화물,37.6582525,126.8255728
E,2018502823,인천광역시 부평구 부평북로 295 (갈산동),1420,0,1420,물류시설법,물류 등 배송,37.5231898,126.7261397
E,2018102823,전북특별자치도 전주시 덕진구 정암길 23 (장동),1444.87,0,1444.87,물류시설법,택배품목,35.8617223,127.0593976
E,2018102823,인천광역시 중구 인항로 39 (신흥동3가),4136.8,0,4136.8,물류시설법,"소형가전, 세제",37.4582933,126.6351799
E,2018102823,경기도 용인시 처인구 백암면 백암로 17,19004.4,0,19004.4,물류시설법,의류상품 박스,37.150627,127.3859081
E,2018102823,경기도 양주시 은현면 화합로 1187,1460,0,1460,물류시설법,택배 취급품목 등,37.8495804,127.0471467
E,2018102823,경기도 안산시 단원구 번영1로 35 (성곡동),1074.1,0,1074.1,물류시설법,택배소화물,37.3211995,126.7355285
E,2018102823,경기도 평택시 산단로64번길 82 (모곡동),3044,0,3044,물류시설법,화물운송,37.0310489,127.0739175
E,2018102823,대구광역시 달서구 호산동로 94 (호산동),3450.48,0,3450.48,물류시설법,택배물품,35.8435018,128.4865574
E,2018102823,경상남도 창원시 성산구 창원대로 480 (대원동),1239.83,0,1239.83,물류시설법,택배,35.224825,128.644663
E,2018102823,강원특별자치도 춘천시 신북읍 영서로 3287,2070.11,0,2070.11,물류시설법,택배상품외 전 품목,37.9573265,127.6927847
